Method;Job;AnalyzeLaunchVariance;EvaluateOverhead;MaxAbsoluteError;MaxRelativeError;MinInvokeCount;MinIterationTime;OutlierMode;Affinity;EnvironmentVariables;Jit;LargeAddressAware;Platform;PowerPlanMode;Runtime;AllowVeryLargeObjects;Concurrent;CpuGroups;Force;HeapAffinitizeMask;HeapCount;NoAffinitize;RetainVm;Server;Arguments;BuildConfiguration;Clock;EngineFactory;NuGetReferences;Toolchain;IsMutator;InvocationCount;IterationCount;IterationTime;LaunchCount;MaxIterationCount;MaxWarmupIterationCount;MemoryRandomization;MinIterationCount;MinWarmupIterationCount;RunStrategy;UnrollFactor;WarmupCount;FieldCount;Mean;Error;StdDev;Gen0;Gen1;Allocated
'no change (save of identical state)';ShortRun;False;Default;Default;Default;Default;Default;Default;1111111111111111;Empty;RyuJit;Default;X64;8c5e7fda-e8bf-4a96-9a85-a6e23a8c635c;.NET 10.0;False;True;False;True;Default;Default;False;False;False;Default;Default;Default;Default;Default;Default;Default;Default;3;Default;1;Default;Default;Default;Default;Default;Default;16;3;10;1.825 μs;0.9275 μs;0.0508 μs;0.1869;0.0000;1.74 KB
'1 leaf changed (typical update)';ShortRun;False;Default;Default;Default;Default;Default;Default;1111111111111111;Empty;RyuJit;Default;X64;8c5e7fda-e8bf-4a96-9a85-a6e23a8c635c;.NET 10.0;False;True;False;True;Default;Default;False;False;False;Default;Default;Default;Default;Default;Default;Default;Default;3;Default;1;Default;Default;Default;Default;Default;Default;16;3;10;1.971 μs;1.2584 μs;0.0690 μs;0.2117;0.0000;1.96 KB
'10% of leaves changed';ShortRun;False;Default;Default;Default;Default;Default;Default;1111111111111111;Empty;RyuJit;Default;X64;8c5e7fda-e8bf-4a96-9a85-a6e23a8c635c;.NET 10.0;False;True;False;True;Default;Default;False;False;False;Default;Default;Default;Default;Default;Default;Default;Default;3;Default;1;Default;Default;Default;Default;Default;Default;16;3;10;1.892 μs;1.4190 μs;0.0778 μs;0.2117;0.0000;1.96 KB
'insert (before = null)';ShortRun;False;Default;Default;Default;Default;Default;Default;1111111111111111;Empty;RyuJit;Default;X64;8c5e7fda-e8bf-4a96-9a85-a6e23a8c635c;.NET 10.0;False;True;False;True;Default;Default;False;False;False;Default;Default;Default;Default;Default;Default;Default;Default;3;Default;1;Default;Default;Default;Default;Default;Default;16;3;10;1.582 μs;0.9534 μs;0.0523 μs;0.4044;0.0038;3.73 KB
'no change (save of identical state)';ShortRun;False;Default;Default;Default;Default;Default;Default;1111111111111111;Empty;RyuJit;Default;X64;8c5e7fda-e8bf-4a96-9a85-a6e23a8c635c;.NET 10.0;False;True;False;True;Default;Default;False;False;False;Default;Default;Default;Default;Default;Default;Default;Default;3;Default;1;Default;Default;Default;Default;Default;Default;16;3;100;15.735 μs;9.4824 μs;0.5198 μs;0.8392;0.0000;7.77 KB
'1 leaf changed (typical update)';ShortRun;False;Default;Default;Default;Default;Default;Default;1111111111111111;Empty;RyuJit;Default;X64;8c5e7fda-e8bf-4a96-9a85-a6e23a8c635c;.NET 10.0;False;True;False;True;Default;Default;False;False;False;Default;Default;Default;Default;Default;Default;Default;Default;3;Default;1;Default;Default;Default;Default;Default;Default;16;3;100;15.908 μs;6.9446 μs;0.3807 μs;0.8545;0.0000;7.98 KB
'10% of leaves changed';ShortRun;False;Default;Default;Default;Default;Default;Default;1111111111111111;Empty;RyuJit;Default;X64;8c5e7fda-e8bf-4a96-9a85-a6e23a8c635c;.NET 10.0;False;True;False;True;Default;Default;False;False;False;Default;Default;Default;Default;Default;Default;Default;Default;3;Default;1;Default;Default;Default;Default;Default;Default;16;3;100;18.602 μs;44.6754 μs;2.4488 μs;1.0681;0.0153;9.95 KB
'insert (before = null)';ShortRun;False;Default;Default;Default;Default;Default;Default;1111111111111111;Empty;RyuJit;Default;X64;8c5e7fda-e8bf-4a96-9a85-a6e23a8c635c;.NET 10.0;False;True;False;True;Default;Default;False;False;False;Default;Default;Default;Default;Default;Default;Default;Default;3;Default;1;Default;Default;Default;Default;Default;Default;16;3;100;16.169 μs;23.4946 μs;1.2878 μs;2.1362;0.1373;19.74 KB
'no change (save of identical state)';ShortRun;False;Default;Default;Default;Default;Default;Default;1111111111111111;Empty;RyuJit;Default;X64;8c5e7fda-e8bf-4a96-9a85-a6e23a8c635c;.NET 10.0;False;True;False;True;Default;Default;False;False;False;Default;Default;Default;Default;Default;Default;Default;Default;3;Default;1;Default;Default;Default;Default;Default;Default;16;3;1000;274.753 μs;152.7246 μs;8.3714 μs;8.0566;0.7324;75.22 KB
'1 leaf changed (typical update)';ShortRun;False;Default;Default;Default;Default;Default;Default;1111111111111111;Empty;RyuJit;Default;X64;8c5e7fda-e8bf-4a96-9a85-a6e23a8c635c;.NET 10.0;False;True;False;True;Default;Default;False;False;False;Default;Default;Default;Default;Default;Default;Default;Default;3;Default;1;Default;Default;Default;Default;Default;Default;16;3;1000;385.635 μs;"1,543.2330 μs";84.5898 μs;7.8125;0.4883;75.44 KB
'10% of leaves changed';ShortRun;False;Default;Default;Default;Default;Default;Default;1111111111111111;Empty;RyuJit;Default;X64;8c5e7fda-e8bf-4a96-9a85-a6e23a8c635c;.NET 10.0;False;True;False;True;Default;Default;False;False;False;Default;Default;Default;Default;Default;Default;Default;Default;3;Default;1;Default;Default;Default;Default;Default;Default;16;3;1000;263.159 μs;155.9450 μs;8.5479 μs;10.2539;1.4648;97.09 KB
'insert (before = null)';ShortRun;False;Default;Default;Default;Default;Default;Default;1111111111111111;Empty;RyuJit;Default;X64;8c5e7fda-e8bf-4a96-9a85-a6e23a8c635c;.NET 10.0;False;True;False;True;Default;Default;False;False;False;Default;Default;Default;Default;Default;Default;Default;Default;3;Default;1;Default;Default;Default;Default;Default;Default;16;3;1000;328.594 μs;580.8700 μs;31.8394 μs;20.9961;6.3477;194.02 KB
'no change (save of identical state)';ShortRun;False;Default;Default;Default;Default;Default;Default;1111111111111111;Empty;RyuJit;Default;X64;8c5e7fda-e8bf-4a96-9a85-a6e23a8c635c;.NET 10.0;False;True;False;True;Default;Default;False;False;False;Default;Default;Default;Default;Default;Default;Default;Default;3;Default;1;Default;Default;Default;Default;Default;Default;16;3;10000;"4,007.548 μs";"3,646.1445 μs";199.8575 μs;82.0313;31.2500;754.95 KB
'1 leaf changed (typical update)';ShortRun;False;Default;Default;Default;Default;Default;Default;1111111111111111;Empty;RyuJit;Default;X64;8c5e7fda-e8bf-4a96-9a85-a6e23a8c635c;.NET 10.0;False;True;False;True;Default;Default;False;False;False;Default;Default;Default;Default;Default;Default;Default;Default;3;Default;1;Default;Default;Default;Default;Default;Default;16;3;10000;"3,712.344 μs";"10,786.9506 μs";591.2692 μs;82.0313;31.2500;755.17 KB
'10% of leaves changed';ShortRun;False;Default;Default;Default;Default;Default;Default;1111111111111111;Empty;RyuJit;Default;X64;8c5e7fda-e8bf-4a96-9a85-a6e23a8c635c;.NET 10.0;False;True;False;True;Default;Default;False;False;False;Default;Default;Default;Default;Default;Default;Default;Default;3;Default;1;Default;Default;Default;Default;Default;Default;16;3;10000;"3,712.086 μs";"6,084.4886 μs";333.5114 μs;105.4688;46.8750;973.7 KB
'insert (before = null)';ShortRun;False;Default;Default;Default;Default;Default;Default;1111111111111111;Empty;RyuJit;Default;X64;8c5e7fda-e8bf-4a96-9a85-a6e23a8c635c;.NET 10.0;False;True;False;True;Default;Default;False;False;False;Default;Default;Default;Default;Default;Default;Default;Default;3;Default;1;Default;Default;Default;Default;Default;Default;16;3;10000;"4,964.314 μs";"2,406.5756 μs";131.9125 μs;203.1250;148.4375;1936.41 KB
